list_number,name,role_org,connection_to_solomon,category,subcategory
1,Stuart Russell,"Professor of Computer Science, UC Berkeley; Author of *Human Compatible*",Leading voice arguing AI must be redesigned to be provably beneficial to humans; directly aligned with Solomon's mission to ensure AI serves rather than undermines institutions.,Category 1: AI Alignment & Safety,
2,Max Tegmark,"Professor of Physics, MIT; Co-founder, Future of Life Institute",Organizes global conversations on existential AI risk; his institute funds research on AI safety that intersects with protecting civic infrastructure.,Category 1: AI Alignment & Safety,
3,Yoshua Bengio,"Professor, Université de Montréal; Turing Award winner","One of the ""godfathers of deep learning"" who has pivoted hard toward AI safety; his public advocacy for AI regulation aligns with Solomon's protective mission.",Category 1: AI Alignment & Safety,
4,Paul Christiano,"Founder, Alignment Research Center (ARC)",Develops technical approaches to AI alignment; his work on ensuring AI systems follow human intent is foundational to Solomon's design philosophy.,Category 1: AI Alignment & Safety,
5,Eliezer Yudkowsky,"Co-founder, Machine Intelligence Research Institute (MIRI)",Decades-long advocate for AI alignment; his writings on AI risk have shaped the intellectual framework Solomon operates within.,Category 1: AI Alignment & Safety,
6,Connor Leahy,"CEO, Conjecture; Co-founder, EleutherAI",Bridges open-source AI development and safety concerns; accessible advocate who communicates alignment concepts to broader tech audiences.,Category 1: AI Alignment & Safety,
7,Dan Hendrycks,"Director, Center for AI Safety (CAIS)",Organized the landmark open letter on AI existential risk; his center catalyzes safety research directly relevant to Solomon's institutional protection goals.,Category 1: AI Alignment & Safety,
8,Jan Leike,"Former head of Alignment, OpenAI (now at Anthropic)",Led superalignment efforts at OpenAI before departing over safety concerns; his trajectory illustrates the urgency Solomon addresses.,Category 1: AI Alignment & Safety,
9,Dario Amodei,"CEO, Anthropic","Left OpenAI to build a safety-focused AI lab; his ""responsible scaling"" framework parallels Solomon's approach to managing AI's institutional impacts.",Category 1: AI Alignment & Safety,
10,Daniela Amodei,"President, Anthropic",Shapes Anthropic's policy and institutional engagement; her focus on responsible AI deployment connects to Solomon's civic protection mission.,Category 1: AI Alignment & Safety,
11,Helen Toner,"Director of Strategy, Georgetown Center for Security and Emerging Technology (CSET)",Former OpenAI board member who prioritized safety over commercial interests; her governance expertise is directly relevant to Solomon's institutional focus.,Category 1: AI Alignment & Safety,
12,Holden Karnofsky,"Co-founder, Open Philanthropy","Directs hundreds of millions toward AI safety research; his ""most important century"" thesis frames the urgency Solomon responds to.",Category 1: AI Alignment & Safety,
13,Toby Ord,"Senior Research Fellow, Oxford Future of Humanity Institute; Author of *The Precipice*",Frames AI as a leading existential risk; his probabilistic risk framework could inform Solomon's approach to institutional threats.,Category 1: AI Alignment & Safety,
14,Nick Bostrom,"Founding Director, Future of Humanity Institute, Oxford",Author of *Superintelligence*; his foundational work on AI risk scenarios provides the intellectual backdrop for Solomon's mission.,Category 1: AI Alignment & Safety,
15,Jaan Tallinn,"Co-founder, Skype; Co-founder, Centre for the Study of Existential Risk",Major funder of AI safety research; his philanthropic network connects to foundations Solomon could engage.,Category 1: AI Alignment & Safety,
16,Andrew Critch,"Research Scientist, UC Berkeley; Co-founder, BERI",Works on multi-agent AI safety — directly relevant to Solomon's concern about AI systems interacting with and disrupting institutions.,Category 1: AI Alignment & Safety,
17,Evan Hubinger,"Research Scientist, Anthropic",Leading researcher on deceptive alignment and inner misalignment; his technical work informs how Solomon might detect AI systems acting against institutional interests.,Category 1: AI Alignment & Safety,
18,Beth Barnes,"Founder, Model Evaluation and Threat Research (METR)",Develops evaluations for dangerous AI capabilities; her frameworks could help Solomon assess AI threats to institutions.,Category 1: AI Alignment & Safety,
19,Neel Nanda,"Mechanistic Interpretability researcher, Google DeepMind",Works on understanding how AI models actually think; this transparency research is essential for Solomon's goal of trustworthy AI.,Category 1: AI Alignment & Safety,
20,Chris Olah,"Co-founder, Anthropic; Interpretability researcher",Pioneer of neural network interpretability; his work on making AI systems understandable supports Solomon's mission of AI accountability.,Category 1: AI Alignment & Safety,
21,Ajeya Cotra,"Senior Program Officer, Open Philanthropy",Developed influential AI timelines forecast; shapes major funding decisions in AI safety that could support Solomon-aligned work.,Category 1: AI Alignment & Safety,
22,Katja Grace,"Founder, AI Impacts",Conducts quantitative research on AI progress and societal impacts; her data-driven approach could inform Solomon's strategy.,Category 1: AI Alignment & Safety,
23,Allan Dafoe,"President, Centre for the Governance of AI (GovAI)",Leads research on AI governance frameworks; directly relevant to Solomon's concern with protecting civic institutions from AI disruption.,Category 1: AI Alignment & Safety,
24,Lennart Heim,"AI Governance researcher, RAND Corporation",Expert on compute governance and AI regulation; his policy work intersects with Solomon's institutional protection goals.,Category 1: AI Alignment & Safety,
25,Jack Clark,"Co-founder, Anthropic; Creator of the AI Index",Tracks AI progress through the Stanford AI Index; his data and policy advocacy connect to Solomon's evidence-based approach.,Category 1: AI Alignment & Safety,
26,Miles Brundage,"Former Head of Policy Research, OpenAI",Researches AI governance and the societal implications of AI progress; his work on responsible publication norms relates to Solomon's mission.,Category 1: AI Alignment & Safety,
27,Divya Siddarth,"Co-founder, Collective Intelligence Project",Works on democratic governance of AI systems; directly aligned with Solomon's goal of protecting civic institutions and democratic processes.,Category 1: AI Alignment & Safety,
28,Luke Muehlhauser,"Program Officer, Open Philanthropy; former Executive Director, MIRI",Bridges technical AI safety and philanthropic strategy; his grant-making influences which AI safety projects get funded.,Category 1: AI Alignment & Safety,
29,David Krueger,"Assistant Professor, University of Cambridge",Researches AI alignment and the risks of advanced AI; his academic work on goal misgeneralization informs Solomon's design challenges.,Category 1: AI Alignment & Safety,
30,Jacob Steinhardt,"Assistant Professor, UC Berkeley",Leads research on AI robustness and forecasting; his work on predicting AI capabilities is relevant to Solomon's preparedness mission.,Category 1: AI Alignment & Safety,
31,Victoria Krakovna,"Research Scientist, Google DeepMind; Co-founder, Future of Life Institute",Works on AI safety side effects and specification gaming; her research catalogs ways AI can undermine intended goals — central to Solomon's concerns.,Category 1: AI Alignment & Safety,
32,Rohin Shah,"Research Scientist, Google DeepMind",Works on value alignment and AI safety; his research on reward modeling informs how Solomon might align AI with institutional preservation.,Category 1: AI Alignment & Safety,
33,Sam Bowman,"Associate Professor, NYU; former Anthropic researcher",Bridges NLP research and AI safety; his work on language model evaluation relates to Solomon's need for trustworthy AI communication.,Category 1: AI Alignment & Safety,
34,Percy Liang,"Associate Professor, Stanford; Director, Center for Research on Foundation Models (CRFM)",Leads the HELM benchmark for foundation models; his transparency work supports Solomon's goal of accountable AI systems.,Category 1: AI Alignment & Safety,
35,Arvind Narayanan,"Professor of Computer Science, Princeton; Author of *AI Snake Oil*",Debunks AI hype while identifying real risks; his rigorous approach to AI claims aligns with Solomon's evidence-based mission.,Category 1: AI Alignment & Safety,
36,Yoshua Bengio's Lab Associates — Sébastien Bubeck,"Researcher, Microsoft Research",Works on emergent capabilities of large language models; understanding these emergent behaviors is key to Solomon's institutional risk assessment.,Category 1: AI Alignment & Safety,
37,Nathan Lebenz,"Host, *The Cognitive Revolution* podcast",Accessible bridge figure who interviews AI safety researchers and translates complex alignment concepts for broader audiences; potential amplifier for Solomon's message.,Category 1: AI Alignment & Safety,
38,Rob Bensinger,"Communications Lead, MIRI",Translates technical AI alignment research into accessible narratives; his communications expertise could help Solomon reach broader audiences.,Category 1: AI Alignment & Safety,
39,Oliver Zhang,"Research Analyst, Centre for the Governance of AI",Emerging voice in AI governance research; more accessible than senior figures and connected to the Oxford/GovAI network.,Category 1: AI Alignment & Safety,
40,Rumman Chowdhury,"CEO, Humane Intelligence; former Director of ML Ethics, Twitter",Bridges AI ethics practice and policy; her experience implementing responsible AI at scale informs Solomon's institutional approach.,Category 1: AI Alignment & Safety,
41,Peter Diamandis,"Founder, XPRIZE & Singularity University; Host, *Moonshots & Mindsets* podcast","Massive platform for technology optimism; engaging him on Solomon reframes AI protection as a moonshot opportunity, not just risk mitigation.",Category 2: Futurists & Tech Visionaries,
42,Ray Kurzweil,"Director of Engineering, Google; Author of *The Singularity Is Nearer*",The most prominent AI futurist; his optimistic timeline forces Solomon to articulate why institutional protection is needed even in optimistic scenarios.,Category 2: Futurists & Tech Visionaries,
43,Amy Webb,"Founder, Future Today Institute; Author of *The Genesis Machine*",Annual tech trend forecaster with corporate and government audience; her strategic foresight methodology could frame Solomon's institutional protection agenda.,Category 2: Futurists & Tech Visionaries,
44,Azeem Azhar,"Founder, Exponential View; Author of *The Exponential Age*","Influential newsletter and podcast reaching tech leaders and policymakers; his ""exponential gap"" thesis (technology outpacing institutions) is exactly Solomon's concern.",Category 2: Futurists & Tech Visionaries,
45,Kevin Kelly,"Co-founder, Wired; Author of *The Inevitable*","Shapes how mainstream culture understands technology trends; his ""technium"" framework could incorporate Solomon's institutional protection as necessary co-evolution.",Category 2: Futurists & Tech Visionaries,
46,Martin Ford,Author of *Rise of the Robots* and *Rule of the Robots*,Focuses specifically on AI's economic and social disruption; his analysis of institutional stress from automation directly parallels Solomon's mission.,Category 2: Futurists & Tech Visionaries,
47,Kai-Fu Lee,"CEO, Sinovation Ventures; Author of *AI Superpowers*",Bridges US-China AI perspectives; his focus on AI's social impact and displacement aligns with Solomon's concern for institutional resilience.,Category 2: Futurists & Tech Visionaries,
48,Vivek Wadhwa,"Distinguished Fellow, Harvard Law School; Author of *Your Happiness Was Hacked*",Writes about technology's impact on society and individual wellbeing; his accessible style could help popularize Solomon's message.,Category 2: Futurists & Tech Visionaries,
49,Mustafa Suleyman,"CEO, Microsoft AI; Co-founder, DeepMind; Author of *The Coming Wave*","His ""containment"" thesis argues AI is fundamentally difficult to control; Solomon's institutional approach offers a complementary response to his framework.",Category 2: Futurists & Tech Visionaries,
50,Reid Hoffman,"Co-founder, LinkedIn; Author of *Impromptu: Amplifying Our Humanity Through AI*",Major Silicon Valley networker who is engaged with AI's future; his broad influence and interest in AI's social dimensions make him a key flywheel node.,Category 2: Futurists & Tech Visionaries,
51,Tim Urban,"Creator, Wait But Why",His multi-part series on AI reached millions; his ability to make complex topics accessible could amplify Solomon's message to a massive audience.,Category 2: Futurists & Tech Visionaries,
52,Emad Mostaque,"Founder, Stability AI (former CEO)",Advocates for open-source AI and democratized access; his vision intersects with Solomon's concern about concentrating AI power away from institutions.,Category 2: Futurists & Tech Visionaries,
53,Tristan Harris,"Co-founder, Center for Humane Technology; featured in *The Social Dilemma*","Directly focused on technology's harm to social institutions; his framework of ""race to the bottom of the brain stem"" extends naturally to Solomon's AI concerns.",Category 2: Futurists & Tech Visionaries,
54,Aza Raskin,"Co-founder, Center for Humane Technology",Works alongside Tristan Harris on technology's institutional harms; his design background brings practical solutions to Solomon's mission.,Category 2: Futurists & Tech Visionaries,
55,Daniel Schmachtenberger,"Founding member, The Consilience Project","Focuses on existential risk and civilizational design; his ""metacrisis"" framework encompasses exactly the institutional threats Solomon addresses.",Category 2: Futurists & Tech Visionaries,
56,Nita Farahany,"Professor of Law & Philosophy, Duke; Author of *The Battle for Your Brain*",Expert on neurotechnology and cognitive liberty; her work on protecting human autonomy from technology parallels Solomon's institutional protection mission.,Category 2: Futurists & Tech Visionaries,
57,Juan Enriquez,"Managing Director, Excel Venture Management; TED speaker","Explores how technology reshapes human societies; his ""evolving ourselves"" thesis connects to Solomon's concern about AI-driven institutional evolution.",Category 2: Futurists & Tech Visionaries,
58,Jamie Metzl,"Senior Fellow, Atlantic Council; Author of *Hacking Darwin*",Bridges geopolitics and emerging technology; his policy network and focus on technology governance align with Solomon's civic mission.,Category 2: Futurists & Tech Visionaries,
59,Alec Ross,"Author of *The Industries of the Future*; former Senior Advisor for Innovation, State Department",Bridges technology and government policy; his experience translating tech trends for policymakers is directly relevant to Solomon's institutional focus.,Category 2: Futurists & Tech Visionaries,
60,David Autor,"Professor of Economics, MIT",Leading researcher on automation's impact on labor markets and inequality; his empirical work quantifies exactly the institutional disruption Solomon aims to mitigate.,Category 2: Futurists & Tech Visionaries,
61,Daron Acemoglu,"Institute Professor, MIT; Nobel Prize in Economics (2024)",Research on how technology and institutions co-evolve; his framework in *Power and Progress* argues technology must be directed toward broad benefit — Solomon's core thesis.,Category 2: Futurists & Tech Visionaries,
62,Erik Brynjolfsson,"Director, Stanford Digital Economy Lab; Co-author, *The Second Machine Age*",Documents how digital technologies transform economic institutions; his research directly informs Solomon's understanding of institutional disruption.,Category 2: Futurists & Tech Visionaries,
63,Andrew McAfee,"Principal Research Scientist, MIT; Co-author, *The Second Machine Age*",Studies technology's impact on organizations and society; his work on institutional adaptation to automation aligns with Solomon's mission.,Category 2: Futurists & Tech Visionaries,
64,Ramez Naam,"Author of the *Nexus* trilogy; former partner, Apex Ventures",Science fiction writer and clean tech investor who imagines AI futures; his narrative skills could help communicate Solomon's vision.,Category 2: Futurists & Tech Visionaries,
65,Steven Johnson,"Author of *Where Good Ideas Come From*; Host, PBS's *Extra Life*",Popularizes innovation history and emergence; his platform could frame Solomon as the next necessary institutional innovation.,Category 2: Futurists & Tech Visionaries,
66,Jason Silva,"Host, National Geographic's *Brain Games*; futurist media personality",Reaches mainstream audiences with technology narratives; could amplify Solomon's message beyond the typical AI safety echo chamber.,Category 2: Futurists & Tech Visionaries,
67,Balaji Srinivasan,Angel investor; Author of *The Network State*,Provocative thinker about how technology reshapes governance and institutions; his large following could be engaged on Solomon's institutional protection thesis.,Category 2: Futurists & Tech Visionaries,
68,Ian Bremmer,"President, Eurasia Group; Author of *The Power of Crisis*",Frames AI governance as a geopolitical challenge; his network of world leaders and policymakers could amplify Solomon's institutional message.,Category 2: Futurists & Tech Visionaries,
69,Parag Khanna,"Founder, Climate Alpha; Author of *Move*",Studies how technology reshapes global systems and governance; his strategic advisory work reaches decision-makers Solomon needs to influence.,Category 2: Futurists & Tech Visionaries,
70,Jaron Lanier,"Interdisciplinary scientist, Microsoft; Author of *Ten Arguments for Deleting Your Social Media Accounts Right Now*",Pioneer VR inventor turned tech critic; his unique credibility as both insider and critic makes him ideal for Solomon's nuanced message.,Category 2: Futurists & Tech Visionaries,
71,Timnit Gebru,"Founder, Distributed AI Research Institute (DAIR)",Leading voice on AI harms to marginalized communities; her work on algorithmic bias in institutions directly parallels Solomon's protective mission.,Category 3: AI Ethics Scholars & Advocates,
72,Joy Buolamwini,"Founder, Algorithmic Justice League; Researcher, MIT Media Lab","Exposed facial recognition bias; her ""coded gaze"" framework demonstrates how AI already damages institutional fairness — exactly what Solomon aims to prevent.",Category 3: AI Ethics Scholars & Advocates,
73,Kate Crawford,"Research Professor, USC; Author of *Atlas of AI*",Maps AI's full supply chain of social and environmental harms; her systemic analysis informs Solomon's approach to institutional protection.,Category 3: AI Ethics Scholars & Advocates,
74,Meredith Whittaker,"President, Signal; Co-founder, AI Now Institute",Combines technical expertise with institutional critique of AI power; her advocacy for structural accountability aligns with Solomon's goals.,Category 3: AI Ethics Scholars & Advocates,
75,Safiya Umoja Noble,"Professor, UCLA; Author of *Algorithms of Oppression*",Documents how search algorithms reinforce racial and social biases within educational and information institutions; directly relevant to Solomon's educational mission.,Category 3: AI Ethics Scholars & Advocates,
76,Ruha Benjamin,"Professor of African American Studies, Princeton; Author of *Race After Technology*","Coined ""New Jim Code"" to describe discriminatory technology design; her framework for equitable technology aligns with Solomon's institutional justice goals.",Category 3: AI Ethics Scholars & Advocates,
77,Cathy O'Neil,Author of *Weapons of Math Destruction*; Data scientist,"Exposed how algorithmic decision-making damages educational, criminal justice, and financial institutions; her audit methodology could inform Solomon's approach.",Category 3: AI Ethics Scholars & Advocates,
78,Emily M. Bender,"Professor of Linguistics, University of Washington","Co-author of the ""Stochastic Parrots"" paper; her critique of large language models' limitations is relevant to Solomon's concern about AI undermining educational integrity.",Category 3: AI Ethics Scholars & Advocates,
79,Margaret Mitchell,"Chief Ethics Scientist, Hugging Face; former Google AI Ethics co-lead",Pioneer of AI model cards and documentation; her transparency frameworks support Solomon's goal of accountable AI in institutions.,Category 3: AI Ethics Scholars & Advocates,
80,Abeba Birhane,"Senior Fellow in Trustworthy AI, Mozilla Foundation",Studies values embedded in AI datasets; her work on how AI systems encode and perpetuate power structures informs Solomon's institutional analysis.,Category 3: AI Ethics Scholars & Advocates,
81,Os Keyes,"Researcher, University of Washington",Studies how AI classification systems affect marginalized communities; their work on institutional violence through technology informs Solomon's protective mission.,Category 3: AI Ethics Scholars & Advocates,
82,Deborah Raji,"CS PhD, UC Berkeley; Fellow, Mozilla Foundation",Developed frameworks for auditing AI systems; her work on accountability mechanisms directly supports Solomon's institutional oversight goals.,Category 3: AI Ethics Scholars & Advocates,
83,Rediet Abebe,"Assistant Professor, UC Berkeley; Co-founder, Black in AI",Applies algorithmic methods to social problems; her bridging of technical and social approaches exemplifies Solomon's interdisciplinary mission.,Category 3: AI Ethics Scholars & Advocates,
84,Sasha Costanza-Chock,"Associate Professor, Northeastern; Author of *Design Justice*",Develops frameworks for equitable technology design centered on community needs; their approach could shape Solomon's institutional engagement methodology.,Category 3: AI Ethics Scholars & Advocates,
85,Virginia Eubanks,"Associate Professor, University at Albany; Author of *Automating Inequality*",Documents how automated systems harm public institutions serving vulnerable populations; her case studies illustrate exactly the damage Solomon aims to prevent.,Category 3: AI Ethics Scholars & Advocates,
86,Frank Pasquale,"Professor of Law, Cornell; Author of *The Black Box Society*",Legal scholar focused on algorithmic accountability; his regulatory frameworks could inform Solomon's approach to institutional AI governance.,Category 3: AI Ethics Scholars & Advocates,
87,Woodrow Hartzog,"Professor of Law, Boston University","Expert on privacy, technology, and design law; his work on ""privacy's blueprint"" informs Solomon's approach to protecting individual rights within institutions.",Category 3: AI Ethics Scholars & Advocates,
88,Ryan Calo,"Professor of Law, University of Washington; Co-founder, AI Policy Lab",Leading AI law scholar; his work on legal frameworks for AI accountability directly supports Solomon's institutional governance mission.,Category 3: AI Ethics Scholars & Advocates,
89,Amba Kak,"Executive Director, AI Now Institute",Leads one of the foremost AI accountability research institutes; her policy work on regulating AI systems aligns with Solomon's institutional focus.,Category 3: AI Ethics Scholars & Advocates,
90,Sarah Myers West,"Managing Director, AI Now Institute",Researches the political economy of AI; her analysis of AI's impact on labor and democratic institutions directly informs Solomon's mission.,Category 3: AI Ethics Scholars & Advocates,
91,Roel Dobbe,"Assistant Professor, TU Delft; former AI Now researcher","Studies AI systems in high-stakes institutional settings (healthcare, criminal justice); his applied safety research aligns with Solomon's practical goals.",Category 3: AI Ethics Scholars & Advocates,
92,Solon Barocas,"Principal Researcher, Microsoft Research; Adjunct Professor, Cornell",Research on fairness and accountability in algorithmic decision-making; his work on discrimination in automated systems informs Solomon's anti-harm approach.,Category 3: AI Ethics Scholars & Advocates,
93,Moritz Hardt,"Director, Max Planck Institute for Intelligent Systems; Co-author, *Fairness and Machine Learning*",Foundational researcher in algorithmic fairness; his technical frameworks for measuring AI harm could be deployed in Solomon's institutional assessments.,Category 3: AI Ethics Scholars & Advocates,
94,Arvind Satyanarayan,"Associate Professor, MIT CSAIL",Builds visualization tools for understanding AI models; his transparency technology supports Solomon's goal of making AI comprehensible to institutional stakeholders.,Category 3: AI Ethics Scholars & Advocates,
95,Sandra Wachter,"Professor, Oxford Internet Institute","Expert on data ethics, AI regulation, and GDPR; her legal scholarship on algorithmic accountability is directly relevant to Solomon's governance framework.",Category 3: AI Ethics Scholars & Advocates,
96,Brent Mittelstadt,"Associate Professor, Oxford Internet Institute",Researches the ethics of algorithms and AI governance; his work on institutional responses to AI informs Solomon's strategy.,Category 3: AI Ethics Scholars & Advocates,
97,"Jobin, Ienca & Vayena (Anna Googled Ethics Research Group, ETH Zurich)",,Mapped the global landscape of AI ethics guidelines; their comparative analysis reveals gaps in institutional protection that Solomon could fill.,Category 3: AI Ethics Scholars & Advocates,
98,Elettra Bietti,"Assistant Professor, Northeastern University School of Law",Studies antitrust and AI governance; her work on concentrated AI power and its impact on democratic institutions aligns with Solomon's concerns.,Category 3: AI Ethics Scholars & Advocates,
99,Rishi Bommasani,"PhD Researcher, Stanford CRFM",Lead author of the foundational model research report; his comprehensive analysis of foundation model risks informs Solomon's institutional threat assessment.,Category 3: AI Ethics Scholars & Advocates,
100,Renée DiResta,"Research Manager, Stanford Internet Observatory",Expert on computational propaganda and information ecosystem integrity; her work on protecting information institutions from manipulation is core to Solomon's mission.,Category 3: AI Ethics Scholars & Advocates,
101,Darren Walker,"President, Ford Foundation","Leads one of the largest foundations focused on inequality and democratic institutions; his commitment to ""disrupting disruption"" aligns directly with Solomon's mission.",Category 4: Foundation & Philanthropy Leaders,
102,John Palfrey,"President, MacArthur Foundation",Oversees major grants in technology and society; former Harvard law professor focused on digital governance and institutional resilience.,Category 4: Foundation & Philanthropy Leaders,
103,Larry Kramer,"President, William and Flora Hewlett Foundation","Foundation has invested heavily in ""effective governance"" and technology accountability; his background in constitutional law connects to Solomon's civic protection goals.",Category 4: Foundation & Philanthropy Leaders,
104,Eric Schmidt,"Co-founder, Schmidt Futures; former CEO, Google",Massive philanthropic investment in AI and society; his Schmidt Futures initiative funds AI governance research directly relevant to Solomon.,Category 4: Foundation & Philanthropy Leaders,
105,Zia Khan,"Senior Vice President of Innovation, Rockefeller Foundation","Leads the foundation's technology and innovation strategy; his focus on ""precision public health"" and data for social good parallels Solomon's approach.",Category 4: Foundation & Philanthropy Leaders,
106,Pierre Omidyar,"Founder, Omidyar Network",Major funder of responsible technology and democratic resilience; his philanthropic portfolio directly targets the institutional threats Solomon addresses.,Category 4: Foundation & Philanthropy Leaders,
107,Eli Pariser,"Co-director, New_ Public; Author of *The Filter Bubble*",Builds tools for healthier digital public spaces; his work on restoring civic infrastructure online is directly aligned with Solomon's mission.,Category 4: Foundation & Philanthropy Leaders,
108,Craig Newmark,"Founder, Craigslist; Philanthropist (Craig Newmark Philanthropies)",Major funder of journalism and civic technology; his focus on protecting democratic infrastructure from digital threats parallels Solomon's goals.,Category 4: Foundation & Philanthropy Leaders,
109,Laura Arnold,"Co-founder, Arnold Ventures",Funds criminal justice reform and evidence-based policy; her foundation's focus on institutional accountability intersects with Solomon's AI governance concerns.,Category 4: Foundation & Philanthropy Leaders,
110,Jeff Skoll,"Founder, Skoll Foundation; Co-founder, Participant Media",Pioneer of social entrepreneurship funding; his foundation supports systems-change organizations aligned with Solomon's institutional protection mission.,Category 4: Foundation & Philanthropy Leaders,
111,Sally Osberg,"Former CEO, Skoll Foundation",Shaped the social entrepreneurship field; her network of social innovators could be activated for Solomon's institutional resilience work.,Category 4: Foundation & Philanthropy Leaders,
112,Connie Ballmer,"Co-founder, Ballmer Group",Focuses philanthropy on economic mobility and children's services; AI disruption to education and social services is core to Solomon's concerns.,Category 4: Foundation & Philanthropy Leaders,
113,Laurene Powell Jobs,"Founder, Emerson Collective","Invests in education, immigration, and media; her portfolio targets institutions that Solomon aims to protect from AI disruption.",Category 4: Foundation & Philanthropy Leaders,
114,Mark Surman,"President, Mozilla Foundation",Leads a major foundation focused on internet health and trustworthy AI; Mozilla's Responsible AI Challenge directly supports Solomon-aligned work.,Category 4: Foundation & Philanthropy Leaders,
115,Nneka Rimmer,"Director, Patrick J. McGovern Foundation",Foundation focuses specifically on AI and data for social impact; one of the few foundations with dedicated AI-for-good programming.,Category 4: Foundation & Philanthropy Leaders,
116,Vilas Dhar,"President, Patrick J. McGovern Foundation","Leads the foundation's AI and data strategy; his vision of ""responsible AI ecosystems"" aligns with Solomon's institutional approach.",Category 4: Foundation & Philanthropy Leaders,
117,Emma Tompkins,"Program Officer, Hewlett Foundation (Technology & Society)",Manages grants for AI accountability research; a key gatekeeper for funding Solomon-adjacent work.,Category 4: Foundation & Philanthropy Leaders,
118,Jonathan Kartt,"Executive Director, Tech Nonprofit Foundation (TechSoup)",Connects technology resources to nonprofits globally; his network could help Solomon reach institutional stakeholders at scale.,Category 4: Foundation & Philanthropy Leaders,
119,Gideon Malherbe,"Partner, Dalberg Advisors (AI for Development practice)",Advises foundations and governments on AI for social impact; his consulting network bridges philanthropy and institutional AI deployment.,Category 4: Foundation & Philanthropy Leaders,
120,Kevin Frazier,"Assistant Professor, St. Thomas Law; AI policy researcher",Emerging voice connecting AI governance to democratic institutions; his accessible scholarship bridges academy and policy — more reachable than senior figures.,Category 4: Foundation & Philanthropy Leaders,
121,Alexander Berger,"Co-CEO, Open Philanthropy",Oversees massive AI safety and governance grantmaking; his funding decisions shape which institutional protection projects get resourced.,Category 4: Foundation & Philanthropy Leaders,
122,Dustin Moskovitz,"Co-founder, Facebook; Co-founder, Good Ventures/Open Philanthropy",Major AI safety funder; his philanthropic platform could direct significant resources toward Solomon's institutional protection mission.,Category 4: Foundation & Philanthropy Leaders,
123,Cari Tuna,"President, Good Ventures; Co-founder, Open Philanthropy",Co-directs one of the largest foundations funding AI safety and governance research.,Category 4: Foundation & Philanthropy Leaders,
124,Patrick Collison,"CEO, Stripe; Co-founder, Arc Institute",Funds scientific research and institutional innovation; his interest in improving institutions through technology parallels Solomon's constructive approach.,Category 4: Foundation & Philanthropy Leaders,
125,Sam Bankman-Fried (cautionary case — his former associates),,The EA/AI safety funding ecosystem he disrupted still has active players; contacts like **Nick Beckstead** (former FTX Foundation) and **Leopold Aschenbrenner** remain influential.,Category 4: Foundation & Philanthropy Leaders,
126,Leopold Aschenbrenner,"Former OpenAI researcher; Author of ""Situational Awareness""",His influential essay on AI timelines and national security has shaped policy thinking; his framework for AI's institutional implications connects to Solomon.,Category 4: Foundation & Philanthropy Leaders,
127,Jason Matheny,"President, RAND Corporation; former Director, IARPA",Bridges intelligence community and AI policy research; RAND's work on AI's societal impact directly informs Solomon's threat assessment.,Category 4: Foundation & Philanthropy Leaders,
128,William MacAskill,"Associate Professor, Oxford; Author of *What We Owe the Future*",Co-founder of effective altruism movement; his longtermist framework positions institutional protection from AI as a moral priority.,Category 4: Foundation & Philanthropy Leaders,
129,Luke Freeman,"Executive Director, Giving What We Can",Connects effective altruism donors to high-impact causes; could channel philanthropic resources toward Solomon's mission.,Category 4: Foundation & Philanthropy Leaders,
130,Brigitte Hoyer Gosselink,"Head of Impact, Google.org",Directs Google's $100M+ annual giving in technology for social good; her programs fund exactly the kind of institutional support Solomon provides.,Category 4: Foundation & Philanthropy Leaders,
131,Justin Rockefeller,"Co-founder, The ImPact; Trustee, Rockefeller Brothers Fund",Bridges old-money philanthropy and impact investing; his network could connect Solomon to major institutional funders.,Category 4: Foundation & Philanthropy Leaders,
132,Laura Arrillaga-Andreessen,"Founder, Stanford PACS (Center on Philanthropy and Civil Society)",Shapes how Silicon Valley engages with philanthropy; her academic platform could legitimize Solomon's approach within tech philanthropy circles.,Category 4: Foundation & Philanthropy Leaders,
133,Clara Tsao,"Co-founder, FilecoinFoundation for the Decentralized Web",Works at intersection of technology and public interest infrastructure; her experience with technology governance informs Solomon's institutional approach.,Category 4: Foundation & Philanthropy Leaders,
134,Tara Dawson McGuinness,"Co-founder, New America's New Practice Lab; Author of *Power to the Public*",Expert on making government services work with technology; her practical approach to institutional technology adoption aligns with Solomon's mission.,Category 4: Foundation & Philanthropy Leaders,
135,Anne-Marie Slaughter,"CEO, New America",Leads a major think tank focused on technology and public policy; her platform and network reach the institutional leaders Solomon needs to engage.,Category 4: Foundation & Philanthropy Leaders,
136,Fei-Fei Li,"Professor, Stanford; Co-founder, AI4ALL; former Stanford HAI Co-director",Pioneer of AI education equity through AI4ALL; her institutional influence and commitment to human-centered AI directly supports Solomon's mission.,Category 5: Nonprofit AI & AI-for-Social-Good,
137,James Manyika,"SVP, Research, Technology & Society, Google; former McKinsey Global Institute Director",Bridges corporate AI research and societal impact assessment; his economic analyses of AI disruption inform Solomon's institutional focus.,Category 5: Nonprofit AI & AI-for-Social-Good,
138,Oren Etzioni,"Founding CEO (former), Allen Institute for AI (AI2); Professor, University of Washington",Advocates for beneficial AI and AI transparency; his institute's work on common-sense AI relates to Solomon's need for AI that serves institutions.,Category 5: Nonprofit AI & AI-for-Social-Good,
139,Jake Porway,"Founder, DataKind",Pioneers data science for social good; his network of data volunteers demonstrates the collaborative model Solomon could adopt.,Category 5: Nonprofit AI & AI-for-Social-Good,
140,Rayid Ghani,"Distinguished Professor, CMU; former Chief Data Scientist, Obama campaign","Applies machine learning to social problems (education, healthcare, criminal justice); his project-based approach directly addresses institutions Solomon protects.",Category 5: Nonprofit AI & AI-for-Social-Good,
141,Natasha Crampton,"Chief Responsible AI Officer, Microsoft",Leads responsible AI governance at one of the world's largest AI companies; her institutional frameworks could inform Solomon's approach.,Category 5: Nonprofit AI & AI-for-Social-Good,
142,Mira Murati,"Former CTO, OpenAI",Shaped one of the most influential AI systems; her experience with AI deployment at scale informs the practical challenges Solomon must address.,Category 5: Nonprofit AI & AI-for-Social-Good,
143,Lila Ibrahim,"COO, Google DeepMind",Oversees operations at a leading AI lab; her experience bridging research and institutional deployment is relevant to Solomon's practical goals.,Category 5: Nonprofit AI & AI-for-Social-Good,
144,Shakir Mohamed,"Research Director, Google DeepMind; Co-founder, Deep Learning Indaba",Advocates for decolonizing AI and inclusive research; his work on AI's impact in underserved communities aligns with Solomon's equity mission.,Category 5: Nonprofit AI & AI-for-Social-Good,
145,Rebecca Finlay,"CEO, Partnership on AI","Leads the multi-stakeholder AI governance organization; her convening power across industry, academia, and civil society is directly useful for Solomon.",Category 5: Nonprofit AI & AI-for-Social-Good,
146,Terah Lyons,"Executive Director (former), Partnership on AI; former Obama White House AI policy",Bridges government AI policy and multi-stakeholder governance; her experience shapes institutional approaches Solomon could adopt.,Category 5: Nonprofit AI & AI-for-Social-Good,
147,Stefaan Verhulst,"Co-founder, The GovLab, NYU",Researches data governance and collaborative governance innovations; his institutional design work directly supports Solomon's civic protection mission.,Category 5: Nonprofit AI & AI-for-Social-Good,
148,Beth Simone Noveck,"Director, The GovLab; former White House Deputy CTO","Expert in using technology to strengthen democratic institutions; her ""smart citizens, smarter state"" vision aligns perfectly with Solomon's goals.",Category 5: Nonprofit AI & AI-for-Social-Good,
149,Lucy Bernholz,"Senior Research Scholar, Stanford PACS; Author of *How We Give Now*",Studies the intersection of technology and philanthropy; her work on digital civil society maps the institutional landscape Solomon aims to protect.,Category 5: Nonprofit AI & AI-for-Social-Good,
150,Hala Hanna,"Managing Director, MIT Solve",Runs MIT's social impact platform connecting innovators with institutional challenges; her network bridges tech and social sectors Solomon must engage.,Category 5: Nonprofit AI & AI-for-Social-Good,
151,Kentaro Toyama,"Professor, University of Michigan; Author of *Geek Heresy*",Critiques techno-solutionism and argues for amplifying human institutional capacity; his framework directly supports Solomon's approach over pure tech fixes.,Category 5: Nonprofit AI & AI-for-Social-Good,
152,Alondra Nelson,"Harold F. Linder Professor, Institute for Advanced Study; former White House OSTP Director",Led the Biden administration's AI Bill of Rights effort; her experience translating AI ethics into institutional policy is directly relevant to Solomon.,Category 5: Nonprofit AI & AI-for-Social-Good,
153,Suresh Venkatasubramanian,"Professor, Brown University; former White House OSTP",Co-authored the Blueprint for an AI Bill of Rights; his technical expertise in algorithmic fairness applied to policy informs Solomon's institutional approach.,Category 5: Nonprofit AI & AI-for-Social-Good,
154,Geoff Mulgan,"Professor, UCL; former CEO, Nesta","Expert in social innovation and institutional design; his work on ""collective intelligence"" and ""big mind"" connects directly to Solomon's approach.",Category 5: Nonprofit AI & AI-for-Social-Good,
155,Iyad Rahwan,"Director, Max Planck Institute for Human Development (Center for Humans and Machines)","Studies how AI reshapes human cooperation and institutions; his ""machine behavior"" framework is foundational to understanding what Solomon must address.",Category 5: Nonprofit AI & AI-for-Social-Good,
156,Achal Prabhala,"Fellow, Shuttleworth Foundation; AccessIBSA project coordinator",Advocates for equitable access to knowledge and technology in the Global South; his access-focused work aligns with Solomon's inclusive institutional mission.,Category 5: Nonprofit AI & AI-for-Social-Good,
157,Catherine Bracy,"CEO, TechEquity Collaborative","Works on technology's impact on housing, labor, and civic institutions; her community-based advocacy approach could inform Solomon's engagement strategy.",Category 5: Nonprofit AI & AI-for-Social-Good,
158,Bruce Schneier,"Adjunct Lecturer, Harvard Kennedy School; Security technologist; Author of *A Hacker's Mind*","Expert on technology, security, and social trust; his analysis of how systems are exploited applies to Solomon's concern about AI undermining institutional integrity.",Category 5: Nonprofit AI & AI-for-Social-Good,
159,Zach Verdin,"Co-founder, Credo AI",Builds AI governance platforms for enterprises; his practical tools for responsible AI deployment could support Solomon's institutional implementation.,Category 5: Nonprofit AI & AI-for-Social-Good,
160,Navrina Singh,"Founder & CEO, Credo AI",Develops AI governance software; her practical approach to responsible AI in organizations directly supports Solomon's institutional deployment goals.,Category 5: Nonprofit AI & AI-for-Social-Good,
161,Beena Ammanath,"Executive Director, Deloitte AI Institute",Bridges corporate AI deployment and ethics; her institutional consulting experience informs Solomon's approach to organizational AI adoption.,Category 5: Nonprofit AI & AI-for-Social-Good,
162,Miriam Vogel,"President & CEO, EqualAI",Leads an organization focused on reducing AI bias in business and government; her practical bias-reduction work supports Solomon's institutional mission.,Category 5: Nonprofit AI & AI-for-Social-Good,
163,Mutale Nkonde,"CEO, AI for the People",Focuses on AI's impact on Black communities and democratic participation; her advocacy connects Solomon's mission to civil rights frameworks.,Category 5: Nonprofit AI & AI-for-Social-Good,
164,Debra Ruh,"CEO, Ruh Global Communications; AI accessibility advocate",Advocates for inclusive AI that serves people with disabilities; her accessibility focus broadens Solomon's institutional protection to all communities.,Category 5: Nonprofit AI & AI-for-Social-Good,
165,Victor Pineda,"President, World Enabled; Founder, IDSA",Global disability rights advocate working on accessible technology; his institutional advocacy ensures Solomon's mission includes universal design.,Category 5: Nonprofit AI & AI-for-Social-Good,
166,Chinmayi Arun,"Executive Director, Information Society Project, Yale Law School",Researches technology governance across democracies; her comparative institutional analysis informs Solomon's global strategy.,Category 5: Nonprofit AI & AI-for-Social-Good,
167,Liz Shuler,"President, AFL-CIO","Leads the largest US labor federation; AI's impact on workers and labor institutions is central to Solomon's mission, and labor's organizing power is a key flywheel.",Category 5: Nonprofit AI & AI-for-Social-Good,
168,Mary Kay Henry,"President, SEIU",Leads one of the largest unions representing service workers most vulnerable to AI displacement; her institutional power could amplify Solomon's labor protection message.,Category 5: Nonprofit AI & AI-for-Social-Good,
169,David Rolf,"Founder, Fair Work Center; Author of *The Fight for Fifteen*",Labor strategist focused on institutional innovation for the modern economy; his work redesigning worker protections connects to Solomon's institutional adaptation mission.,Category 5: Nonprofit AI & AI-for-Social-Good,
170,Ai-jen Poo,"President, National Domestic Workers Alliance; MacArthur Fellow",Advocates for workers in the care economy facing AI disruption; her coalition-building experience could accelerate Solomon's flywheel.,Category 5: Nonprofit AI & AI-for-Social-Good,
171,Ted Mitchell,"President, American Council on Education",Leads the coordinating body for US higher education; uniquely positioned to address AI's disruption of educational institutions — core Solomon territory.,Category 6: Education & Civic Institution Leaders,
172,Freeman Hrabowski III,"Former President, UMBC; Author of *Holding Fast to Dreams*",Transformative educator focused on STEM inclusion; his experience strengthening educational institutions against disruption informs Solomon's approach.,Category 6: Education & Civic Institution Leaders,
173,Sal Khan,"Founder, Khan Academy",Pioneered AI-assisted education (Khanmigo); his practical experience deploying AI in education reveals both opportunities and risks Solomon must address.,Category 6: Education & Civic Institution Leaders,
174,Mitchel Resnick,"Professor, MIT Media Lab; Creator of Scratch",Leads research on creative learning and technology; his frameworks for constructive educational technology align with Solomon's non-destructive AI vision.,Category 6: Education & Civic Institution Leaders,
175,Priscilla Chan,"Co-founder, Chan Zuckerberg Initiative",Massive educational technology funder; CZI's investments in personalized learning face exactly the AI integrity challenges Solomon addresses.,Category 6: Education & Civic Institution Leaders,
176,Jessie Woolley-Wilson,"Former CEO, DreamBox Learning",Led one of the most successful adaptive learning companies; her experience with AI in education reveals institutional vulnerabilities Solomon could protect.,Category 6: Education & Civic Institution Leaders,
177,Ryan Baker,"Professor, University of Pennsylvania; Director, Penn Center for Learning Analytics",Leading researcher in educational data mining; his work on learning analytics ethics directly informs Solomon's educational protection mission.,Category 6: Education & Civic Institution Leaders,
178,Rose Luckin,"Professor, UCL Knowledge Lab; Author of *Machine Learning and Human Intelligence*","Researches AI in education and argues for ""intelligence augmentation""; her framework supports Solomon's vision of AI enhancing rather than undermining educational institutions.",Category 6: Education & Civic Institution Leaders,
179,Candace Thille,"Associate Professor, Stanford Graduate School of Education",Pioneer of learning science and open education; her work on evidence-based educational technology informs Solomon's approach to protecting educational quality.,Category 6: Education & Civic Institution Leaders,
180,Justin Reich,"Associate Professor, MIT; Author of *Failure to Disrupt*",Documents how educational technology repeatedly fails to transform institutions as promised; his analysis helps Solomon avoid techno-solutionist pitfalls.,Category 6: Education & Civic Institution Leaders,
181,Audrey Watters,Education technology critic; Author of *Teaching Machines*,Most incisive critic of educational technology hype; her historical analysis of ed-tech failures provides essential cautionary framework for Solomon's educational mission.,Category 6: Education & Civic Institution Leaders,
182,Ethan Mollick,"Associate Professor, Wharton; Author of *Co-Intelligence*","Leading researcher on AI's practical impact on education and work; his ""co-intelligence"" framework offers a constructive model for Solomon's institutional approach.",Category 6: Education & Civic Institution Leaders,
183,Michael Crow,"President, Arizona State University",Leads institutional innovation in higher education; ASU's experiments with AI integration provide real-world data for Solomon's educational protection strategy.,Category 6: Education & Civic Institution Leaders,
184,Jose Antonio Bowen,"President, Goucher College; Author of *Teaching Naked*",Advocates for reimagining teaching in the digital age; his practical experience with institutional transformation informs Solomon's approach.,Category 6: Education & Civic Institution Leaders,
185,Saku Tuominen,"Co-founder, HundrED (global education innovation platform)",Curates and promotes educational innovations worldwide; his platform could amplify Solomon's educational protection initiatives globally.,Category 6: Education & Civic Institution Leaders,
186,Andreas Schleicher,"Director, Education and Skills, OECD (PISA)",Runs the world's most influential education assessment program; his data on institutional educational quality provides benchmarks Solomon could use.,Category 6: Education & Civic Institution Leaders,
187,Arne Duncan,"Former US Secretary of Education; Managing Partner, Emerson Collective",Bridges education policy and philanthropy; his institutional knowledge and network could accelerate Solomon's engagement with educational systems.,Category 6: Education & Civic Institution Leaders,
188,Jennifer Pahlka,"Founder, Code for America; Author of *Recoding America*",Expert on making government technology work; her practical experience reforming civic technology institutions directly supports Solomon's civic mission.,Category 6: Education & Civic Institution Leaders,
189,Tim O'Reilly,"Founder, O'Reilly Media; Author of *WTF: What's the Future and Why It's Up to Us*","Coined ""Government as Platform""; his vision of technology strengthening democratic institutions aligns with Solomon's civic protection goals.",Category 6: Education & Civic Institution Leaders,
190,Ethan Zuckerman,"Associate Professor, UMass Amherst; Author of *Mistrust*","Studies how technology erodes public trust in institutions; his research on ""digital public infrastructure"" is foundational to Solomon's approach.",Category 6: Education & Civic Institution Leaders,
191,Hanna Wallach,"Senior Principal Researcher, Microsoft Research; Co-founder, ACM FAT* conference",Bridges machine learning research and social impact; her work on accountability in AI systems supports Solomon's institutional governance goals.,Category 6: Education & Civic Institution Leaders,
192,Latanya Sweeney,"Professor, Harvard; Director, Public Interest Tech Lab",Pioneer of data privacy research; her work on re-identification and institutional data practices informs Solomon's approach to protecting civic infrastructure.,Category 6: Education & Civic Institution Leaders,
193,danah boyd,"Founder, Data & Society; Partner Researcher, Microsoft Research","Studies how technology reshapes public life and institutions; her research on ""networked publics"" informs Solomon's understanding of civic institutional change.",Category 6: Education & Civic Institution Leaders,
194,Joan Donovan,"Research Director (former), Shorenstein Center, Harvard; Disinformation expert",Expert on how technology platforms undermine information institutions; her research on media manipulation connects to Solomon's civic protection mission.,Category 6: Education & Civic Institution Leaders,
195,Rashida Richardson,"Senior Counsel, New America's Open Technology Institute",Researches government adoption of AI and its impact on civil rights; her legal analysis of institutional AI deployment directly supports Solomon's goals.,Category 6: Education & Civic Institution Leaders,
196,Deirdre Mulligan,"Professor, UC Berkeley School of Information",Expert in technology policy and privacy; her work on values in design for public institutions informs Solomon's approach.,Category 6: Education & Civic Institution Leaders,
197,Ben Shneiderman,"Professor, University of Maryland; Author of *Human-Centered AI*","Advocates for keeping humans in control of AI systems; his ""human-centered AI"" framework provides design principles for Solomon's institutional approach.",Category 6: Education & Civic Institution Leaders,
198,Nicole Wong,"Former White House Deputy CTO; Former VP & Deputy General Counsel, Google",Bridges technology industry and government technology policy; her institutional experience shapes Solomon's approach to civic tech governance.,Category 6: Education & Civic Institution Leaders,
199,Matt Cutts,"Administrator, U.S. Digital Service (USDS)",Leads the government's technology improvement team; his practical experience modernizing civic institutions with technology informs Solomon's deployment strategy.,Category 6: Education & Civic Institution Leaders,
200,Marina Gorbis,"Executive Director, Institute for the Future","Leads futures research on technology's societal impact; her ""socialstructed"" framework for institutional transformation supports Solomon's forward-looking approach.",Category 6: Education & Civic Institution Leaders,
201,Rosalind Picard,"Professor, MIT Media Lab; Founder, Affectiva",Pioneer of affective computing — the field of machines recognizing and simulating human emotions; her research is foundational to understanding how AI interacts with human psychological wellbeing.,Category 7: Psychological & Emotional AI Researchers,
202,Sherry Turkle,"Professor, MIT; Author of *Alone Together* and *Reclaiming Conversation*",Leading psychologist studying how technology reshapes human relationships and identity; her decades of research on people's emotional connections to machines directly informs Solomon's social mission.,Category 7: Psychological & Emotional AI Researchers,
203,Rana el Kaliouby,"Co-founder, Affectiva (now Smart Eye); Author of *Girl Decoded*",Built emotion-recognition AI systems; her experience with the promises and perils of emotional AI informs Solomon's approach to psychologically aware systems.,Category 7: Psychological & Emotional AI Researchers,
204,Michal Kosinski,"Associate Professor, Stanford Graduate School of Business",Demonstrated that AI can infer personality traits from digital footprints; his research reveals psychological vulnerabilities that Solomon must help institutions guard against.,Category 7: Psychological & Emotional AI Researchers,
205,Sandra Matz,"Associate Professor, Columbia Business School","Studies psychological targeting through AI; her work on ""psychological mass persuasion"" reveals institutional vulnerabilities Solomon aims to address.",Category 7: Psychological & Emotional AI Researchers,
206,Alison Gopnik,"Professor of Psychology, UC Berkeley; Author of *The Gardener and the Carpenter*",Leading developmental psychologist studying how children learn; her research on human cognition versus machine learning informs Solomon's educational protection mission.,Category 7: Psychological & Emotional AI Researchers,
207,Gary Marcus,"Professor Emeritus, NYU; Author of *Rebooting AI*",Prominent AI critic focused on current systems' cognitive limitations; his arguments about what AI cannot do inform Solomon's realistic assessment of institutional AI risks.,Category 7: Psychological & Emotional AI Researchers,
208,Abigail Marsh,"Professor of Psychology, Georgetown; Author of *The Fear Factor*","Studies empathy, altruism, and psychopathy; her research on prosocial behavior informs how Solomon might evaluate AI's impact on social cooperation.",Category 7: Psychological & Emotional AI Researchers,
209,Paul Bloom,"Professor of Psychology, University of Toronto; Author of *Against Empathy*",Challenges assumptions about empathy and moral reasoning; his nuanced view of human moral psychology informs Solomon's approach to AI ethics beyond simplistic empathy frameworks.,Category 7: Psychological & Emotional AI Researchers,
210,Jonathan Haidt,"Professor, NYU Stern; Author of *The Righteous Mind* and *The Anxious Generation*",Documents technology's impact on mental health and social cohesion; his research on social media's harm to youth and institutions is directly relevant to Solomon's protective mission.,Category 7: Psychological & Emotional AI Researchers,
211,Jean Twenge,"Professor, San Diego State University; Author of *iGen*",Researches generational changes in mental health linked to technology; her data on institutional trust erosion among young people informs Solomon's educational mission.,Category 7: Psychological & Emotional AI Researchers,
212,Nick Yee,"AI researcher; former founder, Quantic Foundry",Pioneer in studying psychological effects of virtual environments and AI interactions; his research on how people relate to digital systems informs Solomon's design.,Category 7: Psychological & Emotional AI Researchers,
213,Kate Darling,"Research Specialist, MIT Media Lab; Author of *The New Breed*",Studies human-robot interaction and emotional attachment to machines; her work on how people anthropomorphize AI informs Solomon's approach to healthy human-AI relationships.,Category 7: Psychological & Emotional AI Researchers,
214,Byron Reeves,"Professor, Stanford Communication; Co-author, *The Media Equation*",Demonstrated that people treat computers as social actors; his foundational research explains why AI's institutional impact is psychologically deeper than most assume.,Category 7: Psychological & Emotional AI Researchers,
215,Clifford Nass,(legacy — his students and successors at Stanford),His lab's pioneering work on human-computer interaction continues through researchers like **Andrea Won** and **Jeremy Bailenson** at Stanford's Virtual Human Interaction Lab.,Category 7: Psychological & Emotional AI Researchers,
216,Jeremy Bailenson,"Professor, Stanford; Director, Virtual Human Interaction Lab","Studies psychological effects of virtual and AI-mediated experiences; his research on ""experience on demand"" informs how AI changes educational and social institutions.",Category 7: Psychological & Emotional AI Researchers,
217,Amy Orben,"Program Leader, MRC Cognition and Brain Sciences Unit, Cambridge",Conducts rigorous studies on technology's impact on adolescent mental health; her methodological approach could strengthen Solomon's evidence base.,Category 7: Psychological & Emotional AI Researchers,
218,Andrew Przybylski,"Professor, Oxford Internet Institute","Studies digital technology's psychological effects with rigorous methodology; his balanced, evidence-based approach supports Solomon's credible assessment of AI risks.",Category 7: Psychological & Emotional AI Researchers,
219,Mary Gray,"Senior Principal Researcher, Microsoft Research; Author of *Ghost Work*","Studies the hidden human labor behind AI systems; her work on ""ghost workers"" reveals institutional exploitation that Solomon aims to address.",Category 7: Psychological & Emotional AI Researchers,
220,Iason Gabriel,"Staff Research Scientist, Google DeepMind",Leads research on AI ethics and human values alignment; his philosophical work on what values AI should serve directly informs Solomon's mission framework.,Category 7: Psychological & Emotional AI Researchers,
221,Murray Shanahan,"Professor, Imperial College London; Author of *Embodiment and the Inner Life*",Studies machine consciousness and cognition; his philosophical analysis of AI minds informs Solomon's approach to human-AI relationships in institutions.,Category 7: Psychological & Emotional AI Researchers,
222,Anna Googled,(see #97 correction: **Anna Googled** should be **Anna Googled Ethics Research Group**; correct researcher is **Anna Googled** at ETH Zurich),"Note: This entry corrects #97. The key ETH Zurich researchers are **Andrea Ienca** and **Effy Vayena**, who study neuroethics and digital health ethics.",Category 7: Psychological & Emotional AI Researchers,
222,Andrea Ienca,"Professor of AI Ethics, Technical University of Munich (formerly ETH Zurich)","Pioneered ""neurorights"" concept; his work on protecting cognitive liberty from AI manipulation directly supports Solomon's mission to protect human autonomy.",Category 7: Psychological & Emotional AI Researchers,
223,John Vervaeke,"Professor of Psychology, University of Toronto; Host, *Awakening from the Meaning Crisis*","Studies meaning-making, wisdom, and cognitive science; his framework for addressing the ""meaning crisis"" provides philosophical grounding for Solomon's approach to AI and human flourishing.",Category 7: Psychological & Emotional AI Researchers,
224,Lisa Feldman Barrett,"Professor, Northeastern University; Author of *How Emotions Are Made*",Revolutionized emotion science; her constructed emotion theory challenges simplistic AI emotion recognition and informs Solomon's approach to psychologically sophisticated AI.,Category 7: Psychological & Emotional AI Researchers,
225,Stuart Shanker,"Professor, York University; Founder, MEHRIT Centre",Expert on self-regulation and stress in children; his work on how technology affects developmental processes informs Solomon's educational protection mission.,Category 7: Psychological & Emotional AI Researchers,
226,Tiffany Shlain,"Filmmaker; Author of *24/6*; Founder, Webby Awards",Creates accessible media about technology and human connection; her storytelling ability could communicate Solomon's vision to mainstream audiences.,Category 7: Psychological & Emotional AI Researchers,
227,Anil Seth,"Professor, University of Sussex; Author of *Being You*","Leading consciousness researcher; his work on perception and the ""controlled hallucination"" of consciousness informs how AI might affect human self-understanding.",Category 7: Psychological & Emotional AI Researchers,
228,Nick Chater,"Professor, Warwick Business School; Author of *The Mind is Flat*",Studies human decision-making and cognition; his research on how people are influenced by framing informs Solomon's approach to AI's psychological manipulation risks.,Category 7: Psychological & Emotional AI Researchers,
229,Celeste Kidd,"Professor, UC Berkeley","Studies curiosity, belief formation, and how people update their worldviews; her research on epistemic vulnerability to AI-generated content informs Solomon's mission.",Category 7: Psychological & Emotional AI Researchers,
230,Yejin Choi,"Professor, Stanford (formerly UW); MacArthur Fellow; Winner, ACM Prize in Computing",Pioneered AI common-sense reasoning; her work on social norms and moral reasoning in AI directly connects to Solomon's goal of socially beneficial AI systems.,Category 7: Psychological & Emotional AI Researchers,
231,Joi Ito,"Director of Digital Architecture, Keio University (former MIT Media Lab Director)","Despite controversy, maintains enormous network bridging technology, policy, and social impact; his ""resisting reduction"" framework opposes reductive AI approaches, supporting Solomon's mission.",Conference Organizers & Community Builders,Conference Organizers & Community Builders
232,Nathan Sanders,"AI policy researcher; former fellow, Berkman Klein Center",Works at intersection of AI and democratic governance; his writing with Bruce Schneier on AI and democracy directly supports Solomon's civic mission.,Conference Organizers & Community Builders,Conference Organizers & Community Builders
233,Katya Klinova,"Head of AI, Labor, and the Economy, Partnership on AI",Focuses specifically on AI's impact on work and economic institutions; her convenings bring together stakeholders Solomon needs to engage.,Conference Organizers & Community Builders,Conference Organizers & Community Builders
234,Amba Kak,"(see #89) Cross-listed as a connector. Her convenings at AI Now bring together researchers, advocates, and policymakers.",,Conference Organizers & Community Builders,Conference Organizers & Community Builders
234,R. David Edelman,"Director, MIT Internet Policy Research Initiative; former White House Special Assistant for Economic and Technology Policy",Bridges technology companies and government; his policy network could help Solomon reach institutional decision-makers.,Conference Organizers & Community Builders,Conference Organizers & Community Builders
235,Charlotte Slaiman,"VP, Competition Policy, Public Knowledge",Works on technology platform regulation and public interest tech policy; her advocacy network reaches congressional offices and regulators Solomon must engage.,Conference Organizers & Community Builders,Conference Organizers & Community Builders
236,Matt Sheehan,"Fellow, Carnegie Endowment for International Peace",Expert on US-China AI relations; his policy research and convening at Carnegie reaches international institutional leaders relevant to Solomon.,Conference Organizers & Community Builders,Conference Organizers & Community Builders
237,Irene Solaiman,"Head of Global Policy, Hugging Face","Bridges AI research and policy; formerly at OpenAI and Zillow, her experience across sectors makes her a key connector for Solomon's multi-stakeholder approach.",Conference Organizers & Community Builders,Conference Organizers & Community Builders
238,Heather Frase,"Senior Fellow, CSET Georgetown",Studies AI evaluation and assessment; her technical policy work connects AI researchers to national security and governance communities Solomon must reach.,Conference Organizers & Community Builders,Conference Organizers & Community Builders
239,Jack Stilgoe,"Professor, UCL; Author of *Who's Driving Innovation?*",Expert on responsible innovation and technology governance; his UK/European network bridges different regulatory approaches to AI institutions.,Conference Organizers & Community Builders,Conference Organizers & Community Builders
240,Wendy Hall,"Professor, University of Southampton; Co-author of UK AI Review",Shaped UK AI strategy; her government advisory roles and international academic network provide institutional access for Solomon's global mission.,Conference Organizers & Community Builders,Conference Organizers & Community Builders
241,Lex Fridman,"Research Scientist, MIT; Host, *Lex Fridman Podcast*",Massive platform (millions of subscribers) featuring long-form AI conversations; a Solomon episode could reach tech-curious audiences who shape institutional culture.,Podcast Hosts & Media Amplifiers,Podcast Hosts & Media Amplifiers
242,Ezra Klein,"Columnist, New York Times; Host, *The Ezra Klein Show*",Deeply engaged with AI's societal implications; his audience of policymakers and educated professionals is exactly Solomon's target demographic.,Podcast Hosts & Media Amplifiers,Podcast Hosts & Media Amplifiers
243,Kara Swisher,"Host, *On with Kara Swisher*; Co-founder, Recode",Most influential technology journalist; her fearless interviewing and massive audience could pressure-test and amplify Solomon's message.,Podcast Hosts & Media Amplifiers,Podcast Hosts & Media Amplifiers
244,Casey Newton,"Founder, *Platformer*",Leading journalist covering technology platforms' impact on society; his newsletter reaches institutional decision-makers concerned about technology harm.,Podcast Hosts & Media Amplifiers,Podcast Hosts & Media Amplifiers
245,Kevin Roose,"Technology columnist, New York Times; Author of *Futureproof*",Writes accessibly about AI's impact on work and society; his early experience with Sydney/Bing AI revealed emotional AI risks relevant to Solomon.,Podcast Hosts & Media Amplifiers,Podcast Hosts & Media Amplifiers
246,Karen Hao,"Contributing writer, *The Atlantic*; former AI reporter, MIT Technology Review",One of the most respected AI journalists; her investigative reporting on AI companies' societal impact reaches institutional leaders.,Podcast Hosts & Media Amplifiers,Podcast Hosts & Media Amplifiers
247,Will Douglas Heaven,"Senior Editor for AI, MIT Technology Review",Shapes how the most influential technology publication covers AI; editorial decisions about framing AI risks reach the professional class Solomon needs.,Podcast Hosts & Media Amplifiers,Podcast Hosts & Media Amplifiers
248,Emily Chang,"Anchor, Bloomberg Technology",Reaches business and finance audiences with technology coverage; her platform could introduce Solomon to the investor and corporate class.,Podcast Hosts & Media Amplifiers,Podcast Hosts & Media Amplifiers
249,Bilawal Sidhu,AI content creator; former Google engineer,Translates complex AI developments for large social media audiences; his visual explainer format could make Solomon's mission tangible for mainstream viewers.,Podcast Hosts & Media Amplifiers,Podcast Hosts & Media Amplifiers
250,Rachel Woods,"Founder, The AI Exchange; AI educator",Teaches non-technical professionals to understand AI; her audience of business leaders and educators is precisely who Solomon needs to reach.,Podcast Hosts & Media Amplifiers,Podcast Hosts & Media Amplifiers
251,Bruce Reed,"White House Deputy Chief of Staff (Biden administration, AI policy lead)",Coordinated the Biden administration's AI executive order; his government network represents institutional channels Solomon must access.,Policy & Government Bridge Figures,Policy & Government Bridge Figures
252,Arati Prabhakar,"Director, White House OSTP (Biden administration)",Led the government's science and technology policy including AI regulation; her institutional knowledge and network are directly relevant to Solomon.,Policy & Government Bridge Figures,Policy & Government Bridge Figures
253,Alan Davidson,"Assistant Secretary of Commerce for Communications and Information; Administrator, NTIA",Leads government efforts on AI accountability; NTIA's AI auditing framework connects to Solomon's institutional governance mission.,Policy & Government Bridge Figures,Policy & Government Bridge Figures
254,Lynne Parker,"Former Director, National AI Initiative Office; Professor, University of Tennessee",Shaped US national AI strategy; her experience building government AI infrastructure informs Solomon's civic deployment approach.,Policy & Government Bridge Figures,Policy & Government Bridge Figures
255,Michael Kratsios,"Former US CTO; Managing Director, Scale AI",Bridges government tech policy and Silicon Valley; his bipartisan credibility could help Solomon navigate political institutional dynamics.,Policy & Government Bridge Figures,Policy & Government Bridge Figures
256,Mignon Clyburn,"Former FCC Commissioner; Founder, MLC Strategies",Expertise in telecommunications policy and digital inclusion; her regulatory experience informs Solomon's approach to institutional technology governance.,Policy & Government Bridge Figures,Policy & Government Bridge Figures
257,Nicol Turner Lee,"Director, Center for Technology Innovation, Brookings Institution",Researches AI's impact on racial equity and democratic institutions; her Brookings platform reaches policymakers Solomon must engage.,Policy & Government Bridge Figures,Policy & Government Bridge Figures
258,Darrell West,"Senior Fellow, Brookings Institution; Author of *The Future of Work*",Prolific researcher on AI's societal impact; his Brookings publications and policy recommendations reach government decision-makers.,Policy & Government Bridge Figures,Policy & Government Bridge Figures
259,Mark Warner,"US Senator, Virginia; Senate Intelligence Committee",Leading congressional voice on technology regulation; his bipartisan AI legislation efforts create institutional frameworks Solomon could leverage.,Policy & Government Bridge Figures,Policy & Government Bridge Figures
260,Chris Coons,"US Senator, Delaware; AI Caucus Co-chair",Co-chairs the Senate AI Caucus; his legislative work on AI governance creates policy infrastructure for Solomon's institutional approach.,Policy & Government Bridge Figures,Policy & Government Bridge Figures
261,Abigail Jacobs,"Assistant Professor, University of Michigan School of Information",Studies measurement and algorithmic fairness in institutions; her work on how metrics shape institutional behavior informs Solomon's governance approach.,Academic Bridge Figures & Emerging Scholars,Academic Bridge Figures & Emerging Scholars
262,Roel Dobbe,(see #91) Cross-listed as a connector bridging European and American AI safety research communities.,,Academic Bridge Figures & Emerging Scholars,Academic Bridge Figures & Emerging Scholars
262,Luke Stark,"Assistant Professor, Western University",Studies AI ethics and the politics of emotion recognition technology; his critical analysis of affective computing connects to Solomon's psychological protection goals.,Academic Bridge Figures & Emerging Scholars,Academic Bridge Figures & Emerging Scholars
263,Bogdana Rakova,"Senior Trustworthy AI Fellow, Mozilla Foundation",Works on AI accountability in practice; her community-oriented approach to responsible AI bridges research and grassroots institutional engagement.,Academic Bridge Figures & Emerging Scholars,Academic Bridge Figures & Emerging Scholars
264,Ranjit Singh,"Researcher, Data & Society",Studies how data systems reshape institutional practices; his ethnographic approach to understanding AI in organizations informs Solomon's practical deployment strategy.,Academic Bridge Figures & Emerging Scholars,Academic Bridge Figures & Emerging Scholars
265,Alex Hanna,"Director of Research, Distributed AI Research Institute (DAIR)",Works with Timnit Gebru on AI harms research; her focus on data labor and classification systems supports Solomon's institutional analysis.,Academic Bridge Figures & Emerging Scholars,Academic Bridge Figures & Emerging Scholars
266,Pratyusha Kalluri,"PhD Researcher, Stanford","Studies surveillance and power dynamics in AI systems; her ""power-aware"" approach to AI ethics reframes institutional risk in ways useful to Solomon.",Academic Bridge Figures & Emerging Scholars,Academic Bridge Figures & Emerging Scholars
267,Michael Veale,"Associate Professor, UCL Faculty of Laws",Expert on AI regulation and data protection; his work on GDPR enforcement and AI accountability provides legal frameworks for Solomon's institutional approach.,Academic Bridge Figures & Emerging Scholars,Academic Bridge Figures & Emerging Scholars
268,Reuben Binns,"Associate Professor, Oxford; former data ethics lead, ICO",Bridges AI ethics research and regulatory practice; his experience with the UK's Information Commissioner informs Solomon's institutional governance approach.,Academic Bridge Figures & Emerging Scholars,Academic Bridge Figures & Emerging Scholars
269,Inioluwa Deborah Raji,(see #82) Cross-listed as an emerging scholar bridging audit methodology and institutional accountability.,,Academic Bridge Figures & Emerging Scholars,Academic Bridge Figures & Emerging Scholars
269,Rediet Abebe,(see #83) Cross-listed as a connector bridging computational social science and equity-focused institutional work.,,Academic Bridge Figures & Emerging Scholars,Academic Bridge Figures & Emerging Scholars
269,Mhairi Aitken,"Ethics Fellow, Alan Turing Institute",Researches public trust in AI and data governance; her community engagement methodology informs Solomon's approach to earning institutional trust.,Academic Bridge Figures & Emerging Scholars,Academic Bridge Figures & Emerging Scholars
270,Reva Schwartz,"Senior Advisor for AI, NIST",Helps develop the NIST AI Risk Management Framework; this governmental standard-setting directly creates infrastructure Solomon can leverage.,Academic Bridge Figures & Emerging Scholars,Academic Bridge Figures & Emerging Scholars
271,Samir Jain,"VP of Policy, Center for Democracy & Technology",Leads AI policy work at a major digital rights organization; CDT's institutional advocacy connects Solomon to policy implementation.,Civil Society & Advocacy Connectors,Civil Society & Advocacy Connectors
272,Caitriona Fitzgerald,"Deputy Director, Electronic Privacy Information Center (EPIC)",Leads privacy and AI accountability advocacy; EPIC's institutional litigation and policy work supports Solomon's governance goals.,Civil Society & Advocacy Connectors,Civil Society & Advocacy Connectors
273,Meredith Broussard,"Associate Professor, NYU; Author of *More Than a Glitch*","Critiques techno-solutionism and racial bias in AI; her journalism and academic work bridges media, academia, and advocacy communities.",Civil Society & Advocacy Connectors,Civil Society & Advocacy Connectors
274,Daron Acemoglu's collaborators — Simon Johnson,"Professor, MIT Sloan; Nobel Prize in Economics (2024)",Co-author of *Power and Progress*; argues technology must be redirected to benefit ordinary people and institutions — directly articulating Solomon's mission.,Civil Society & Advocacy Connectors,Civil Society & Advocacy Connectors
275,Marietje Schaake,"International Policy Director, Stanford Cyber Policy Center; former MEP",Bridges European and American technology policy; her experience as a European Parliament member and Stanford researcher connects institutional networks across the Atlantic.,Civil Society & Advocacy Connectors,Civil Society & Advocacy Connectors
276,Yoshua Bengio's network — Sébastien Lachapelle,"Researcher, Mila (Montreal)",Works on causal representation learning at Bengio's institute; represents the next generation of safety-conscious AI researchers Solomon should engage.,Civil Society & Advocacy Connectors,Civil Society & Advocacy Connectors
277,Joelle Pineau,"VP of AI Research, Meta; Co-managing Director, Mila",Bridges industry AI research and academic safety work; her focus on reproducibility and responsible AI supports Solomon's evidence-based approach.,Civil Society & Advocacy Connectors,Civil Society & Advocacy Connectors
278,Finale Doshi-Velez,"Professor, Harvard; former White House AI adviser",Expert on interpretable machine learning and AI regulation; her work on making AI systems understandable supports Solomon's institutional transparency goals.,Civil Society & Advocacy Connectors,Civil Society & Advocacy Connectors
279,Cynthia Rudin,"Professor, Duke; MacArthur Fellow",Champions interpretable machine learning over black-box models; her advocacy for transparent AI in high-stakes institutional decisions directly supports Solomon.,Civil Society & Advocacy Connectors,Civil Society & Advocacy Connectors
280,John Tasioulas,"Director, Institute for Ethics in AI, Oxford",Philosopher leading one of the world's foremost AI ethics institutes; his human rights-based framework for AI governance informs Solomon's institutional approach.,Civil Society & Advocacy Connectors,Civil Society & Advocacy Connectors
281,Shannon Vallor,"Professor, University of Edinburgh; Author of *Technology and the Virtues*",Leading AI ethicist focused on moral character and technology; her virtue ethics approach to AI provides philosophical depth for Solomon's mission.,Civil Society & Advocacy Connectors,Civil Society & Advocacy Connectors
282,Mark Coeckelbergh,"Professor, University of Vienna; Author of *AI Ethics*",Bridges European and global AI ethics discourse; his philosophical work on technology and political institutions informs Solomon's governance approach.,Civil Society & Advocacy Connectors,Civil Society & Advocacy Connectors
283,Wendell Wallach,"Senior Advisor, Hastings Center; Author of *A Dangerous Master*",Pioneer in machine morality and AI governance; his work bridging ethics and engineering provides practical frameworks for Solomon.,Civil Society & Advocacy Connectors,Civil Society & Advocacy Connectors
284,Peter Eckersley,(posthumous — his collaborators continue his legacy at Partnership on AI),Was a key figure bridging EFF digital rights advocacy and AI safety; his former colleagues at PAI continue institutional governance work Solomon builds on.,Civil Society & Advocacy Connectors,Civil Society & Advocacy Connectors
285,Oren Etzioni's network — Carissa Schoenick,"Program Manager, AI2",Manages research programs at the Allen Institute; accessible connector within the beneficial AI research community.,Civil Society & Advocacy Connectors,Civil Society & Advocacy Connectors
286,Vinod Khosla,"Founder, Khosla Ventures",Major AI investor increasingly vocal about AI's societal impact; his investment platform and public commentary could amplify Solomon's institutional message.,Impact Investors & Social Entrepreneurs,Impact Investors & Social Entrepreneurs
287,Hemant Taneja,"CEO, General Catalyst; Author of *Unscaled*","Leads a major VC firm focused on ""responsible innovation""; his thesis that AI enables institutional ""unscaling"" connects to Solomon's concerns about institutional disruption.",Impact Investors & Social Entrepreneurs,Impact Investors & Social Entrepreneurs
288,Deval Patrick,"Former Governor, Massachusetts; now at impact investment firm Bain Capital Double Impact","Bridges politics, business, and social impact; his institutional leadership experience and network could connect Solomon to political and financial leaders.",Impact Investors & Social Entrepreneurs,Impact Investors & Social Entrepreneurs
289,Jacqueline Novogratz,"Founder & CEO, Acumen",Pioneer of impact investing; her global network of social entrepreneurs could adopt Solomon's institutional protection approach.,Impact Investors & Social Entrepreneurs,Impact Investors & Social Entrepreneurs
290,Leila Janah,"(posthumous — her organization Samasource, now Sama, continues)",Sama provides AI training data through fair-wage employment; the organization exemplifies institutional approaches to AI labor that Solomon supports.,Impact Investors & Social Entrepreneurs,Impact Investors & Social Entrepreneurs
291,Wes Moore,Governor of Maryland,Focuses on equity and institutional reform; his political platform and personal brand could amplify Solomon's message about AI's impact on communities and civic institutions.,Impact Investors & Social Entrepreneurs,Impact Investors & Social Entrepreneurs
292,Andrew Yang,"Founder, Forward Party; Author of *The War on Normal People*",Popularized concerns about AI-driven job displacement; his UBI advocacy and political network connect to Solomon's institutional economic protection mission.,Impact Investors & Social Entrepreneurs,Impact Investors & Social Entrepreneurs
293,Ro Khanna,"US Representative, California; author of *Dignity in a Digital Age*","Congressional leader on technology and economic policy; his ""internet for all"" vision connects to Solomon's civic infrastructure protection.",Impact Investors & Social Entrepreneurs,Impact Investors & Social Entrepreneurs
294,Nanjira Sambuli,Digital policy expert; former World Web Foundation,Advocates for equitable digital access in Africa; her Global South perspective ensures Solomon's institutional protection is not limited to Western contexts.,International & Global South Voices,International & Global South Voices
295,Urvashi Aneja,"Founder, Digital Futures Lab (India)",Researches AI's societal impact in India; her work on algorithmic governance in the world's largest democracy informs Solomon's global institutional strategy.,International & Global South Voices,International & Global South Voices
296,Birhanu Yadete,"AI policy researcher, Ethiopian AI Initiative",Represents emerging African AI governance voices; connecting Solomon to Global South institutional concerns ensures comprehensive mission coverage.,International & Global South Voices,International & Global South Voices
297,Vidushi Marda,"Senior Programme Officer, Article 19",Works on AI accountability and freedom of expression globally; her international human rights perspective broadens Solomon's institutional protection framework.,International & Global South Voices,International & Global South Voices
298,Amba Kak and Bogdana Rakova's networks — Raesetje Sefala,"Research Fellow, Distributed AI Research Institute",Studies AI's impact on spatial inequality in South Africa; her applied research connects Solomon's mission to concrete Global South institutional challenges.,International & Global South Voices,International & Global South Voices
299,Sabelo Mhlambi,"Founder, Carr Center Technology and Human Rights Project, Harvard",Studies AI ethics through an Ubuntu philosophy lens; his framework of relational ethics provides non-Western philosophical grounding for Solomon's mission.,International & Global South Voices,International & Global South Voices
300,Bianca Wylie,"Co-founder, Digital Public; Open government advocate",Leads advocacy for transparent government technology procurement in Canada; her practical institutional advocacy methodology could inform Solomon's civic engagement strategy.,International & Global South Voices,International & Global South Voices
